{"vaccin": 0.33255634321920924, "vaccination": 0.15381071501387997, "dose": 0.10095708975706152, "vacciner": 0.08325426200969245, "pfizer": 0.04535884004328665, "astrazeneca": 0.041945703486457236, "injection": 0.031143645802292938, "biontech": 0.02841666535970264, "anticorps": 0.027542306425557942, "moderna": 0.024105644516240334, "vaccinal": 0.02130808801618544, "immunit\u00e9": 0.02130808801618544, "sanofi": 0.01772635309985728, "administrer": 0.01674024874139364, "arn": 0.010476623641410894, "immuniser": 0.007765326767146061, "spoutnik v": 0.006506720409027462, "antiviral": 0.006314596697040511, "pathog\u00e8ne": 0.0060871849563212625, "virologue": 0.005338294568780289, "curevac": 0.002858330327316071, "antig\u00e8ne": 0.0026622857232477533, "immunisation": 0.00220354134972789, "janssen": 0.0017526387603707596, "adjuvant": 0.0016546164583366007, "johnson&johnson": 0.00019212371198695127, "immunoglobine": 1.3723122284782234e-05}