{"h\u00f4pital": 0.222149063302284, "mort": 0.18871522605790012, "d\u00e9c\u00e8s": 0.17317285597454324, "maladie": 0.1537254440609399, "victime": 0.04425714074279284, "d\u00e9c\u00e9der": 0.03874681932635182, "mourir": 0.03298792624821873, "tuer": 0.02247011921952293, "dispara\u00eetre": 0.018041369155482524, "mortel": 0.009523520381927513, "tombe": 0.008229429746248181, "disparition": 0.007428687446751586, "cimeti\u00e8re": 0.005808227911751368, "ex\u00e9cution": 0.005603298602875462, "\u00e9teindre": 0.005531193846048754, "\u00e2me": 0.005142207657904674, "deuil": 0.004874661060205575, "d\u00e9funt": 0.00444962249364814, "succomber": 0.00436233778801581, "fun\u00e9raire": 0.0038481170222253425, "cercueil": 0.003495183212494616, "enterrer": 0.003480003263688993, "meurtre": 0.003210559172389191, "fun\u00e8bre": 0.0030227073059196107, "comm\u00e9moration": 0.002580591296955851, "enterrement": 0.0025540263865460114, "fatal": 0.002388944443284865, "homicide": 0.0021650401984019308, "extinction": 0.0016830768238234118, "cadavre": 0.001669794368618492, "d\u00e9cimer": 0.0016508194326114636, "g\u00e9nocide": 0.001170753551633647, "cr\u00e9matorium": 0.0010967513012062366, "p\u00e9rir": 0.0010436214803865574, "condol\u00e9ances": 0.001003774114771798, "inhumation": 0.0008918219923303309, "d\u00e9pouille": 0.000755202453079727, "funeste": 0.0007381250106734015, "agonie": 0.0007153550874649675, "inerte": 0.0006356603562354486, "incin\u00e9rer": 0.0005616581058080381, "caveau": 0.0005559656250059297, "s\u00e9pulture": 0.00048765585538062774, "mourant": 0.00048386086817922205, "ressusciter": 0.0004629884385714909, "r\u00e9surrection": 0.0004079611241511088, "incin\u00e9ration": 0.0003662162649356465, "tombeau": 0.00028462404010542476, "fossoyeur": 0.0002827265465047219, "ensevelir": 0.00023339171288644828, "martyre": 0.00019354434727168884, "lugubre": 0.00018595437286887749, "crypte": 0.00014231202005271238, "tr\u00e9pas": 8.728470563233025e-05, "avoir quitter": 5.692480802108495e-05, "cr\u00e9matoire": 4.3642352816165125e-05, "\u00e9pitaphe": 3.60523784133538e-05, "tr\u00e9passer": 3.415488481265097e-05, "c\u00e9notaphe": 2.4667416809136813e-05, "pierre tombale": 2.4667416809136813e-05, "ensevelissement": 1.3282455204919822e-05, "obs\u00e8ques": 7.5899744028113266e-06, "fun\u00e9railles": 1.8974936007028316e-06, "cendres": 1.8974936007028316e-06}