{"covid-19": 0.19445866234442508, "coronavirus": 0.10918280842623843, "pand\u00e9mie": 0.0901188260990881, "confinement": 0.08429926191326725, "virus": 0.07981573601625105, "\u00e9pid\u00e9mie": 0.0795806963571963, "masque": 0.0661647747973505, "contamination": 0.0267998528447352, "r\u00e9animation": 0.024194866982659494, "restriction": 0.019431870489149076, "d\u00e9pistage": 0.01586317759401142, "infection": 0.015699227434859804, "d\u00e9confinement": 0.015284686788549615, "sympt\u00f4me": 0.014940347023393778, "contaminer": 0.013945982643498599, "quarantaine": 0.012375793314387982, "couvre-feu": 0.011931483939993354, "infecter": 0.010605220457425388, "geste barri\u00e8re": 0.009553540168233302, "hospitalisation": 0.009502888899552314, "isolement": 0.008797325613013643, "transmission": 0.007484835721051911, "oms": 0.006756612656419116, "vuln\u00e9rable": 0.00597951556060291, "cas confirmer": 0.0053037210021486805, "distanciation social": 0.005275729511561819, "isoler": 0.004844305109024634, "immunit\u00e9": 0.004829198590295217, "fi\u00e8vre": 0.0045270682157068694, "viral": 0.0041853943067974, "mutation": 0.003924584704027754, "cas contact": 0.00347983102025873, "d\u00e9pister": 0.003168370148808096, "asymptomatique": 0.0029462154616107816, "d\u00e9sinfecter": 0.0026867387869643185, "test antig\u00e9nique": 0.0024987959215953905, "immuniser": 0.0017599094319771234, "fermeture fronti\u00e8re": 0.0017416927476269436, "laver main": 0.0015528612635092266, "pathog\u00e8ne": 0.0013795806074953215, "d\u00e9sinfectant": 0.0011694222734066622, "pneumonie": 0.0011454295671893522, "nasal": 0.0011058860328682302, "bact\u00e9rie": 0.001051235979817691, "pand\u00e9mique": 0.0009486005143325318, "virologie": 0.0008735122300598396, "antibiotique": 0.0008286369832459821, "charge viral": 0.0008019784207823044, "d\u00e9confiner": 0.0007477726771061597, "muter": 0.0006500246147393415, "patient z\u00e9ro": 0.0005380586523918951, "foyer infection": 0.0005229521336624777, "immunisation": 0.0004994037368195624, "confin\u00e9": 0.000356336118264492, "germe": 0.0003114608714506346, "insuffisance respiratoire": 0.000302574683962742, "faux n\u00e9gatif": 0.00028613523711014074, "d\u00e9confin\u00e9": 0.00018305546225058693, "faux positif": 0.00017194772789072123, "immunod\u00e9prim\u00e9": 0.00012085214983533895, "auto-isolement": 0.00011463181859381415, "aplatir courbe": 9.419358737166124e-05, "cas actif": 8.086430613982239e-05, "epid\u00e9mie": 7.819844989345462e-05, "auto-immun": 7.286673740071908e-05, "d\u00e9ficit immunitaire": 3.598905932596491e-05, "epid\u00e9miologie": 1.3329281231838855e-05, "mesure sanitaires": 1.0219115611076454e-05, "\u00e9craser courbe": 8.44187811349794e-06, "administration test": 2.6658562463677708e-06, "cas confirm\u00e9": 8.886187487892569e-07, "germes": 4.4430937439462846e-07}