{"3_2021": {"pays": 0.0027694262859532964, "faire": 0.0028104735083748947, "personne": 0.0028258375525215262, "y": 0.002945539508410209, "vaccination": 0.0029808538785382876, "nouveau": 0.0033273474711585935, "an": 0.0035674393252111813, "vaccin": 0.0043954925104871066, "pourcent": 0.004960981060719849, "\u00a0": 0.016263414014438992}, "2_2021": {"vaccination": 0.0027676672746242744, "pays": 0.0028947374137208238, "cas": 0.003047149175999021, "contre": 0.003084437564394875, "an": 0.0031025387238103374, "personne": 0.003161910526693056, "nouveau": 0.003532260248333426, "vaccin": 0.005028140062427279, "pourcent": 0.005406454294210453, "\u00a0": 0.016127046969612497}, "1_2021": {"janvier": 0.0034627375474105856, "pays": 0.0034859270444781375, "contre": 0.0034975217930119135, "cas": 0.003648253523950999, "pourcent": 0.004241631831267763, "personne": 0.00435348705241713, "nouveau": 0.004380086769641674, "vaccination": 0.004419645323462792, "vaccin": 0.0058887681670953314, "\u00a0": 0.01285380181573762}}