{"11": {"personne": 0.002643164276627591, "vaccination": 0.0027737964140867838, "faire": 0.0028061492331771447, "pays": 0.0029514317038093307, "y": 0.003199876937201347, "nouveau": 0.003573460433112683, "an": 0.0035887211968345513, "vaccin": 0.004419517173853062, "pourcent": 0.004483001950936034, "\u00a0": 0.016680625178550935}, "12": {"faire": 0.002866341260774743, "cas": 0.0029078824384671307, "vaccination": 0.002949423616159518, "samedi": 0.0030532765603904872, "pays": 0.0032402118600062314, "y": 0.003863329525392045, "nouveau": 0.003863329525392045, "an": 0.004195658946931145, "\u2005": 0.007062000207705889, "\u00a0": 0.013230865095025444}, "10": {"mars": 0.002825168807677786, "faire": 0.002861023060870278, "personne": 0.0029773664538826497, "contre": 0.003042489485191462, "nouveau": 0.0030644410687787017, "vaccination": 0.0032759079906691134, "an": 0.0034098126505512773, "vaccin": 0.004766420516242709, "pourcent": 0.00500715621624944, "\u00a0": 0.015755383260015045}, "8": {"2020": 0.0025584908203174356, "pays": 0.002599903977628472, "personne": 0.0026069231568337323, "faire": 0.0026679900159194987, "contre": 0.0029003248476136196, "an": 0.0032449665465919078, "nouveau": 0.0032856777859824183, "vaccin": 0.003886519525952713, "pourcent": 0.005618151035890467, "\u00a0": 0.017226469605550205}, "9": {"y": 0.0027568017728917768, "contre": 0.002788400366824566, "faire": 0.0027947200856111238, "vaccination": 0.0029133903606031538, "personne": 0.0029253276071999853, "nouveau": 0.003284849387057497, "an": 0.003637349257152166, "vaccin": 0.004091666818808045, "pourcent": 0.005360525912953598, "\u00a0": 0.01633717525422824}, "5": {"vaccination": 0.0030318745761359557, "semaine": 0.003039354529859975, "pays": 0.003121634020824191, "contre": 0.003380939083256872, "cas": 0.003438285395141022, "personne": 0.0037025770933897155, "nouveau": 0.003857162803686121, "pourcent": 0.005171141341205569, "vaccin": 0.007235608569034986, "\u00a0": 0.015481010890812621}, "6": {"pays": 0.0032526132689172315, "contre": 0.0033862076110605208, "nouveau": 0.0034380094988303678, "sant\u00e9": 0.0036397642196181927, "variant": 0.003950575546237275, "personne": 0.003972386867403525, "cas": 0.0045094906511224655, "pourcent": 0.005515537839915808, "vaccin": 0.006243490683839447, "\u00a0": 0.01346303798986864}, "4": {"pays": 0.0031699546550853935, "jour": 0.0031779344024864893, "semaine": 0.0033135901083051218, "janvier": 0.003455230624674576, "contre": 0.003796364826071431, "personne": 0.003963939521494447, "nouveau": 0.0041015901641633535, "pourcent": 0.004997316809936382, "vaccin": 0.006196273856951058, "\u00a0": 0.01154270461568539}, "7": {"sant\u00e9": 0.003279152414005476, "contre": 0.0032833137749369553, "vaccination": 0.00343520344893594, "pays": 0.0034476875317303772, "cas": 0.003761870282057044, "personne": 0.003818048654632011, "nouveau": 0.004103101878438324, "pourcent": 0.005463866903031967, "vaccin": 0.005759323529166979, "\u00a0": 0.01575907384751109}, "3": {"semaine": 0.0033033677280350266, "cas": 0.0034279360641480796, "jour": 0.0034394701693437326, "an": 0.0037739592200176702, "pourcent": 0.0039008343771698537, "nouveau": 0.004147664228356828, "personne": 0.004733596772296002, "vaccin": 0.005001188012835152, "vaccination": 0.00522033601155256, "\u00a0": 0.014302290442609753}, "2": {"janvier": 0.003604204610193907, "pays": 0.003666193387273409, "sant\u00e9": 0.0037222784712977203, "pourcent": 0.003958426193505347, "cas": 0.004265418232375262, "personne": 0.004315599623344383, "nouveau": 0.004649158280962656, "vaccination": 0.004790846914287232, "vaccin": 0.005534712239241258, "\u00a0": 0.013469275705417524}, "1": {"pourcent": 0.00364125295128055, "contre": 0.004188084224882753, "janvier": 0.004258850624995979, "cas": 0.00434248364331161, "personne": 0.004664149098371729, "pays": 0.0047606487348897655, "nouveau": 0.005088747499051087, "vaccination": 0.006182410046255493, "vaccin": 0.00833756859515829, "\u00a0": 0.010158195070798567}, "0": {"pays": 0.004273079598529266, "personne": 0.004571201430984796, "ann\u00e9e": 0.004769949319288483, "couvre-feu": 0.004769949319288483, "vaccin": 0.005465566928351386, "an": 0.005564940872503229, "cas": 0.005564940872503229, "heure": 0.006061810593262447, "nouveau": 0.010136142303488025, "\u00a0": 0.01619795289675047}}