{"3_2021": {"an": 0.004376028657178817, "in": 0.004424436053829025, "crise": 0.004598702681769775, "france": 0.004743924871720399, "astrazeneca": 0.005615258011424145, "coronavirus": 0.005702391325394521, "nouveau": 0.00623487268854681, "vaccination": 0.009952560751282796, "vaccin": 0.010591538387065544, "\u00a0": 0.02107658050150063}, "2_2021": {"pourcent": 0.003691587382574507, "coronavirus": 0.0037666196464479725, "variant": 0.004531948737957322, "crise": 0.004937122962874036, "france": 0.005117200396170353, "nouveau": 0.00673789729583721, "contre": 0.006842942465260062, "vaccination": 0.009604129775803596, "vaccin": 0.011855097692007563, "\u00a0": 0.018352891743449683}, "1_2021": {"variant": 0.0053576057839099, "france": 0.005501627444767693, "centre": 0.005703257769968603, "vacciner": 0.00639456174208601, "cas": 0.006452170406429127, "nouveau": 0.007373909035919002, "contre": 0.011982602183368378, "\u00a0": 0.012414667165941758, "vaccin": 0.013163579802402282, "vaccination": 0.018089120603738802}}