{"11": {"confinement": 0.004863528848964839, "france": 0.005049565471602838, "crise": 0.0053419087357482655, "an": 0.005527945358386265, "coronavirus": 0.0056874053206474075, "nouveau": 0.007494618226273686, "vaccination": 0.008424801339463684, "astrazeneca": 0.010178860924336248, "vaccin": 0.010923007414888245, "\u00a0": 0.02266989130145906}, "12": {"vouloir": 0.00933609958506224, "restriction": 0.00933609958506224, "vaccination": 0.00933609958506224, "\u2005": 0.00933609958506224, "nouveau": 0.00933609958506224, "no": 0.01037344398340249, "headline": 0.01037344398340249, "in": 0.01037344398340249, "original": 0.01037344398340249, "\u00a0": 0.02074688796680498}, "10": {"no": 0.0047187043351193374, "headline": 0.0047187043351193374, "in": 0.004749147588894301, "original": 0.004749147588894301, "contre": 0.004992693619094009, "coronavirus": 0.005449342425718461, "nouveau": 0.005540672187043351, "vaccination": 0.011020457866536775, "vaccin": 0.012055528494885533, "\u00a0": 0.02003166098392596}, "8": {"pourcent": 0.004104421306775313, "coronavirus": 0.004285498717368341, "2020": 0.004557114833257885, "france": 0.00467783310698657, "contre": 0.004979628791308284, "crise": 0.00510034706503697, "nouveau": 0.006911121170967255, "vaccination": 0.008450279161007998, "vaccin": 0.008752074845329711, "\u00a0": 0.01952618077561491}, "9": {"no": 0.004208265614116555, "original": 0.004208265614116555, "in": 0.004353378221499884, "crise": 0.004440445785929881, "france": 0.004672625957743209, "nouveau": 0.005456234037613188, "coronavirus": 0.006036684467146506, "vaccin": 0.009171116786626422, "vaccination": 0.010506152774553053, "\u00a0": 0.020605990248432782}, "5": {"fran\u00e7ais": 0.004686914135733034, "\u00e9pid\u00e9mie": 0.005249343832020997, "crise": 0.005343082114735658, "france": 0.005811773528308962, "cas": 0.0064679415073115865, "nouveau": 0.006655418072740908, "contre": 0.010217472815898012, "vaccination": 0.011529808773903262, "\u00a0": 0.015748031496062992, "vaccin": 0.016216722909636296}, "6": {"face": 0.0040757876184181535, "crise": 0.004736726151134611, "nouveau": 0.00506719541749284, "cas": 0.0055078211059704785, "france": 0.006939854593522803, "vaccination": 0.009693765146508042, "contre": 0.00991407799074686, "variant": 0.010464860101343908, "vaccin": 0.0149812734082397, "\u00a0": 0.016743776162150253}, "4": {"centre": 0.004052443384982122, "crise": 0.004847040127135479, "variant": 0.005244338498212158, "vacciner": 0.005641636869288836, "cas": 0.0059594755661501785, "nouveau": 0.006754072308303536, "contre": 0.010727056019070322, "\u00a0": 0.013031386571315058, "vaccination": 0.013587604290822407, "vaccin": 0.01628923321414382}, "7": {"crise": 0.004323132999915233, "france": 0.004746969568534373, "pourcent": 0.00491650419598203, "cas": 0.005679410019496482, "variant": 0.006781385097906247, "contre": 0.0069509197253539035, "nouveau": 0.008137662117487498, "vaccination": 0.011613121980164448, "vaccin": 0.013562770195812495, "\u00a0": 0.017631601254556244}, "3": {"variant": 0.005355404089581304, "cas": 0.005452775073028238, "france": 0.006037000973709835, "nouveau": 0.0064264849074975655, "vacciner": 0.007887049659201558, "centre": 0.008666017526777021, "vaccin": 0.010710808179162609, "\u00a0": 0.011684518013631937, "contre": 0.01421616358325219, "vaccination": 0.02502434274586173}, "2": {"couvre-feu": 0.005742821473158552, "centre": 0.005867665418227216, "variant": 0.006367041198501872, "france": 0.007365792759051186, "cas": 0.007615480649188515, "nouveau": 0.009113607990012484, "contre": 0.011610486891385767, "\u00a0": 0.01223470661672909, "vaccin": 0.012734082397003745, "vaccination": 0.016978776529338328}, "1": {"cas": 0.006951340615690168, "h\u00f4pital": 0.007282356835484938, "sant\u00e9": 0.007282356835484938, "ehpad": 0.007944389275074478, "vacciner": 0.007944389275074478, "france": 0.00827540549486925, "\u00a0": 0.010592519033432638, "contre": 0.011916583912611719, "vaccin": 0.012578616352201259, "vaccination": 0.017543859649122806}, "0": {"5": 0.010752688172043012, "agent": 0.010752688172043012, "positif": 0.010752688172043012, "ehpad": 0.016129032258064516, "2021": 0.021505376344086023, "2020": 0.021505376344086023, "page": 0.021505376344086023, "nouveau": 0.021505376344086023, "h\u00f4pital": 0.021505376344086023, "\u200a": 0.03225806451612903}}